{"cameraMode":{"drawMode":0,"name":"Shaded","section":"Shading Mode"},"sceneLighting":false,"audioPlay":false,"sceneViewState":{"showFog":true,"showMaterialUpdate":false,"showSkybox":false,"showFlares":true,"showImageEffects":true,"showParticleSystems":true},"in2DMode":false,"pivot":{"x":3.277880907058716,"y":0.5538954734802246,"z":-0.6473729610443115},"rotation":{"x":-0.1813734918832779,"y":0.5391044020652771,"z":-0.12016607820987702,"w":-0.8137198686599731},"size":3.1091179847717287,"orthographic":false}