{"cameraMode":{"drawMode":0,"name":"Shaded","section":"Shading Mode"},"sceneLighting":false,"audioPlay":false,"sceneViewState":{"showFog":true,"showMaterialUpdate":false,"showSkybox":false,"showFlares":true,"showImageEffects":true,"showParticleSystems":true},"in2DMode":false,"pivot":{"x":-4.129106044769287,"y":0.5105681419372559,"z":3.081061840057373},"rotation":{"x":0.14734533429145814,"y":0.26184865832328799,"z":-0.04017120599746704,"w":0.9530354142189026},"size":3.1091177463531496,"orthographic":false}